The first 20 words of the sorted dictionary, taking into account only proper names (with a capital letter). 
The number of words encountered in the text was counted.
Text - Harry Potter
The work was done by Mykyta Plotnikov

Aaah=1
Aargh=1
Abbott=1
Abou=1
About=9
Absolutely=2
According=1
Adalbert=1
Add=1
Adrian=2
Africa=1
African=1
After=19
Against=4
Ages=4
Agrippa=3
Ah=11
Aha=1
Ahead=1
Ahem=1
Names:Aaah,Aargh,Abbott,Abou,About,Absolutely,According,Adalbert,Add,Adrian,Africa,African,After,Against,Ages,Agrippa,Ah,Aha,Ahead,Ahem,Ahern,Alas,Alberic,Albus,Algie,Alicia,All,Alley,Alohomora,Although,Always,Am,An,And,Angelina,Another,AntiCheating,AntiDark,Any,Anyone,Anythin,Anything,Anyway,Apothecary,Are,Arent,Argus,Around,Arsenius,Arts,As,Asked,Astronomy,At,Ate,Atta,August,Aunt,Auntie,Back,Bad,Bagshot,Bane,Banell,Barking,Barn,Baron,Baronll,Barons,Barrels,Bars,Baruffio,Bathilda,Bbbut,Bbut,Be,Beans,Beasts,Beater,Beaters,Beats,Because,Bedroom,Beechwood,Before,Befuddle,Beginners,Behind,Bell,Below,Bertie,Best,Bet,Better,Bettie,Bewitch,Bill,Bills,Bin,Binns,Birthday,Bit,Black,Blackpool,Blacks,Blaise,Blasted,Bleaaargh,Bless,Bletchley,Blimey,Blocks,Blood,Bloody,Blotts,Blowing,Blown,Blubber,Bludger,Bludgers,Boa,BodyBind,Bogies,Bones,Bonfire,Book,Books,Boot,Borrowed,Both,Botts,Brass,Brazil,Brazilian,Break,Breathing,Breeding,Bright,Brilliant,Bring,Bristol,Britain,Brocklehurst,Broken,Broomsticks,Brought,Brown,Budge,Bulstrode,Bungler,Busy,But,By,Bye,Byebye,Cakes,Call,Calm,Can,Cant,Cap,Captain,Caput,CarA,Catch,Catching,Caught,Cauldron,Cauldrons,Cause,Centaurs,Century,Ceremony,Ceremonys,Certainly,Charlie,Charlies,Charms,Chaser,Chasers,Cheer,Chess,Chf,Chocolate,Choose,Christmas,Chuckling,Circe,Class,Cleansweep,Clearly,Cliodna,Cmere,Cmon,Code,Codswallop,Cokeworth,Cold,Collapsible,Columns,Comb,Come,Comet,Comets,Coming,Common,Compared,Conduct,Confed,Confuse,Considered,Constrictor,Convention,Copper,Copyin,Cornelius,Could,Couldnt,Countercurses,Course,Crabbe,Crikey,Crockford,Cross,Cup,Cupboard,Cups,Curious,Curse,Curses,Dad,Daddy,Daddys,Daily,Danger,Dare,Dark,Darling,Dead,Dean,Deans,Dear,Death,Dedalus,Deep,Defense,Delighted,Dennis,Deputy,Desert,Destroyed,Detention,Developments,Devils,Devon,Diagon,Did,Didnt,Difficult,Diggle,Diggles,Dinky,Disappeared,Discoveries,Disgusted,Dittany,Do,Does,Doi,Don,Dont,Doors,Doris,DotA,Dotted,Double,Down,Draco,Draconis,Drafts,Dragon,Dragons,Draught,Drive,Droobles,Ducking,Dud,Duddydums,Duddys,Dudley,Dudleykins,Dudleys,Dumbled,Dumbledore,Dumbledorell,Dumbledores,Dundee,Dunno,Dursley,Dursleys,Dyeh,Dyou,Each,Eager,Ear,Easily,Easter,Eeylops,Egg,Eleven,Elfric,Elixir,Emetic,Emporium,Enemies,England,English,Enid,Enough,Enter,Er,Erised,Erm,Eve,Even,Events,Ever,Every,Everybody,Everyone,Everyones,Everything,Everywhere,Evil,Exactly,Except,Excitement,Excuse,Excuses,Experts,Explain,Express,Eyes,Facing,Fall,Famous,Fancy,Fang,Fangll,Fangs,Fantastic,Fat,Father,Fear,Feeling,Fer,Festoons,Fetchin,Fifteen,Fifty,Figg,Figgs,Filch,Filchs,Finally,FinchFletchley,Find,Fine,Finish,Finished,Finnigan,Fire,Firenze,Firenzes,Firs,First,Firsties,Firstyear,Fitch,Five,Flamel,Flamels,Flaming,Flattened,Flavor,Flew,Flint,Flitwick,Flitwicles,Flocks,Floor,Flourish,Fluffy,Fluffys,Flushed,Flying,Follow,For,Force,Forces,Forest,Forge,Forget,Forgetfulness,Forgetting,Forgive,Fortunately,Foul,Found,Four,Fourth,Fred,Friar,Friday,Friends,Frog,Frogs,From,Fudge,Fungi,Funny,Galleon,Galleons,Gallopin,George,Georges,Get,Getting,Ginny,Give,Given,Gliding,Gloom,Gnight,Go,Goblins,Godrics,Going,Golden,Good,Goodbye,Goodness,Gordon,Gorgons,Goshawk,Got,Gotta,Goyle,Goyles,Grab,Grade,Gran,Grand,Granger,Grangers,Great,Gred,Greek,Green,Gregory,Grindelwald,Gringotts,Griphook,Grounds,GrowYourOwnWarts,Grunnings,Grunnion,Grunt,Gryffindor,Gryffindors,Guess,Guide,Gulpin,Gum,Ha,Haaaaaa,Had,Hadnt,Hagrid,Hagrids,Hags,Hair,Half,Halfpast,Hall,Halloween,Ham,Hams,Hang,Hanging,Hannah,Happy,Harder,Hardly,Harold,Harry,Harrys,Harvey,Has,Hat,Have,Havent,Having,He,Head,Headless,Headmaster,Headmistress,Heads,Heaps,Heart,Heaven,Hebridean,Hed,Hedwig,Held,Hell,Hello,Help,Hengist,Her,Herbology,Herbs,Here,Hermione,Hermionell,Hermiones,Hermlone,Hes,Hey,Hi,Higgs,High,Him,His,History,Hmm,Hmmm,Hoggy,Hogs,Hogwarts,Hold,Holding,Hollow,Honestly,Hooch,Hoochs,Hope,Hopefully,Hopes,Hoping,Horrible,Horribly,Horrorstruck,Hotel,House,Houses,Hovering,How,Howard,However,Howling,Hows,Hufflepuff,Hufflepuffis,Hufflepuffs,Hullo,Humbertos,Hundreds,Hungry,Hunting,Hurry,HutontheRock,Ickle,Icy,Id,Idiot,If,Ill,Im,Important,In,Indeed,Inferno,Inside,Instead,International,Investigations,Ireland,Is,Isle,Isnt,It,Itd,Itll,Its,Ive,James,JellO,JellyLegs,Jigger,Jim,Johnson,Jordan,Jordans,July,Jupiter,Jus,Just,Justin,Katie,Keep,Keeper,Keepers,Kent,Kept,Keys,Kings,Knew,Know,KnowWho,Knows,Knuts,Lady,Ladys,Las,Latest,Lavender,Leaky,Leave,Leaves,Lee,LegLocker,Let,Lets,Leviosa,Library,Licorice,Life,Light,Lights,Like,Lily,Lisa,Listen,Little,Living,Load,Locomotor,London,Longbottom,Longbottoms,Look,Looking,Looks,Lord,Losing,Loss,Lots,Love,Lucky,MacDougal,Mad,Madam,Magic,Magical,Mainly,Majorca,Make,Makers,Makes,Malcolm,Malfay,Malfoy,Malfoyll,Malfoys,Malkin,Malkins,Mandy,Many,Maple,Marcus,Marge,Marges,Mars,Master,Maybe,McGonagall,McGonagalls,McGuffin,McKinnons,Me,Meant,Meanwhile,Meet,Men,Mere,Merlin,Merry,Midnight,Might,Mighta,Millicent,Mimblewimble,Mimsy,MimsyPorpington,Mind,Minerva,Minister,Ministry,Miranda,Mirror,Miss,Misters,Mm,Mmm,Moaning,Modern,Mom,Mommy,Moms,Monday,Moon,Morag,More,Moren,Morgana,Morning,Mortis,Most,Mother,Mount,Move,Mr,Mrs,Much,Muggle,Muggles,Mugwump,Mummy,Must,My,Mysterious,Nah,Names,Nasty,Naughty,Nearly,Neck,Neither,Never,Nevertheless,Neville,Nevilles,New,Newt,Next,Nice,Nicholas,Nick,Nicolas,Night,Nimbus,Nine,Nitwit,Nnot,Nnothing,No,Nobody,None,Nope,Norbert,Norberts,Norris,Norriss,Norwegian,Not,Notable,Nothing,Nott,November,Now,Number,Oak,Obviously,Occasions,Oclock,Oddball,Oddment,Of,Off,Oh,Okay,Oliver,Olivers,Ollivander,Ollivanders,On,Once,One,Only,Ooh,Oooooh,Oooooooh,Or,Order,Other,Ouch,Our,Out,Outside,Over,Owl,Owls,Oy,Paddington,Panicking,Pansy,Paracelsus,Parkinson,Parvati,Passersby,Password,Pasties,Patil,Paws,Pay,Pearlywhite,Peeling,Peering,Peeves,Peevess,Peevsie,People,Perched,Percy,Percyd,Percys,Perenelle,Perhaps,Perks,Petrificus,Petrified,Petunia,Pewter,Phyllida,Piers,Pig,Pince,Platform,Play,Please,Pleasure,Plenty,Pliable,Pointing,Poke,Polkiss,Poltergeist,Pomfrey,Pomfreys,Pomftey,Pompously,Poor,Positive,Potatoes,Potions,Potter,Potters,Powdered,Powerful,Prefect,Prefects,President,Pretend,Prewetts,Privately,Privet,Probably,Professor,Profit,Prophet,Ptolemy,Pucey,Pulling,Pumpkin,PutOuter,Quaffle,Quentin,Questions,Quick,Quidditch,Quietly,Quirrell,Quirrells,Quirtell,Quite,Railview,Ravenclaw,Ravenclaws,Reaching,Ready,Really,Recent,Reckon,Red,Rejoice,Remember,Remembrall,Report,Resident,Resign,Restricted,Revenges,Ridgeback,Ridgebacks,Right,Rise,Robes,Romania,Ron,Ronald,Ronan,Ronnie,Ronniekins,Rons,Room,Ropes,Rubbish,Rubeus,Ruddy,Run,Sahara,Said,SallyAnne,Same,Saturday,Saw,Say,Scabbers,Scabbets,Scamander,Scared,Scars,School,Scooping,Scotch,Scowling,Screech,Scurrying,Scuse,Sea,Seamus,Seamuss,Search,Second,Section,See,Seeing,Seeker,Seekers,Seems,Seize,SelfProtection,SelfStirring,Send,Sending,Sent,September,Set,Setting,Seven,Seventeen,Several,Severus,Shakeem,Shaking,Shame,Shant,She,Shell,Shhh,Shhhh,Shoo,Shooting,Should,Shouldnta,Shouldve,Show,Shut,Sickle,Sickles,Side,Silver,Silvery,Since,Sir,Sirius,Sit,Sitting,Sixty,Sizes,Sleek,Slipping,Slowly,Slytherin,Slytherins,Smallest,Smarmy,Smelting,Smeltings,Smiling,Smoke,Sn,Snape,Snapes,Snare,Sniff,Snitch,Snot,Snowy,So,Some,Somehow,Someone,Something,Sometimes,Sony,Soon,Sorc,Sorcerers,Sorry,Sorted,Sorting,Speaking,Species,Spells,Spinner,Spinnet,Spore,Spray,Sprout,Sprouts,Sssorry,St,Stairs,Stalagmites,Stand,Standard,Standing,Starving,Station,Stay,Step,Stick,Still,Stone,Stones,Stonewall,Stop,Storm,Strange,Strict,Students,Study,Studying,Stupid,Suddenly,Sunday,Sundays,Sunshine,Suppose,Supreme,Sure,Surely,Surrey,Susan,Swap,Swish,Switch,Switching,Table,Take,Taking,Tap,Taped,Tawny,Teach,Ted,Tell,Ten,Terence,Term,Terry,Thank,Thanks,Thanksss,That,Thatll,Thats,The,Their,Them,Then,Theory,There,Theres,These,They,Theyd,Theyll,Theyre,Theyve,Thief,Things,Think,Thinking,Third,Thirteenandahalf,Thirty,Thirtynine,Thirtysix,This,Thomas,Those,Thought,Thousand,Thousands,Three,ThreeQuarters,Through,Throw,Thursday,Tibbles,Time,Tiptoe,To,Today,Tokens,Told,Tom,Tongue,Tonight,Too,Took,Totalus,Tower,Transfiguration,Trevor,Tricky,Tried,Trimble,Troll,Trouble,True,Trust,Try,Trying,Tuesday,Tufty,Tulips,Turn,Turning,Turpin,Tut,Tweak,Twelve,Twentieth,Twenty,Twentyfour,Twice,Two,Tying,Typical,Um,Uncle,Under,Underground,Underneath,Unfortunately,Unicorn,Unless,Until,Unusually,Up,Urgh,Uric,Use,Useful,Vampires,Vanished,Vault,Vernon,Vernons,Very,Viewers,Vindictus,Viridian,Vol,Voldemort,Voldemorts,Waffling,Walking,Wandering,Wands,Want,Wanted,Warlock,Warlocks,Warty,Was,Watching,Way,We,Wearing,Weasley,Weasleys,Weathers,Wed,Wednesday,Weird,Welcome,Well,Welsh,Were,Werewolf,West,Weve,What,Whatever,Whats,Whatve,Wheeling,When,Whenever,Whens,Where,Wherere,Wheres,Wherever,Whether,Which,While,Whinging,Whispers,White,Who,WhoMustNotBeNamed,Whod,Whos,Why,Whys,Wight,Will,Wingardium,Winged,Winggardium,Wiping,Wish,Wishing,Witchcraft,Witches,With,Within,Wizard,Wizarding,Wizardry,Wizards,Won,Wonder,Wont,Wood,Woodcroft,Woods,World,Worse,Worst,Would,Wouldnt,Wow,Wriggling,Written,Ye,Yeah,Years,Yeh,Yehd,Yehll,Yehve,Yer,Yes,Yesterday,Yet,Yew,Yorkshire,You,YouKnow,YouKnowWhat,YouKnowWho,YouKnowWhos,Youd,Youll,Young,Your,Youre,Yours,Youve,Yvonne,Zabini